{"proxies":{"ti.locationservices.TiLocationservicesModule":{"superPackageName":"org.appcelerator.kroll","methods":{"stopLocationUpdates":{"runOnUiThread":false,"hasInvocation":false,"args":[{"converter":"org.appcelerator.kroll.KrollConverter","defaultValueProvider":"org.appcelerator.kroll.KrollConverter","name":"dict","sourceName":"dict","type":"org.appcelerator.kroll.KrollDict"}],"apiName":"stopLocationUpdates","converter":"org.appcelerator.kroll.KrollConverter","defaultValueProvider":"org.appcelerator.kroll.KrollConverter","name":"__default_name__","returnType":"void"},"startLocationUpdates":{"runOnUiThread":false,"hasInvocation":false,"args":[{"converter":"org.appcelerator.kroll.KrollConverter","defaultValueProvider":"org.appcelerator.kroll.KrollConverter","name":"dict","sourceName":"dict","type":"org.appcelerator.kroll.KrollDict"}],"apiName":"startLocationUpdates","converter":"org.appcelerator.kroll.KrollConverter","defaultValueProvider":"org.appcelerator.kroll.KrollConverter","name":"__default_name__","returnType":"void"},"getLastLocation":{"runOnUiThread":false,"hasInvocation":false,"args":[{"converter":"org.appcelerator.kroll.KrollConverter","defaultValueProvider":"org.appcelerator.kroll.KrollConverter","name":"dict","sourceName":"dict","type":"org.appcelerator.kroll.KrollDict"}],"apiName":"getLastLocation","converter":"org.appcelerator.kroll.KrollConverter","defaultValueProvider":"org.appcelerator.kroll.KrollConverter","name":"__default_name__","returnType":"void"},"getCurrentLocation":{"runOnUiThread":false,"hasInvocation":false,"args":[{"converter":"org.appcelerator.kroll.KrollConverter","defaultValueProvider":"org.appcelerator.kroll.KrollConverter","name":"dict","sourceName":"dict","type":"org.appcelerator.kroll.KrollDict"}],"apiName":"getCurrentLocation","converter":"org.appcelerator.kroll.KrollConverter","defaultValueProvider":"org.appcelerator.kroll.KrollConverter","name":"__default_name__","returnType":"void"},"checkLocationSettings":{"runOnUiThread":false,"hasInvocation":false,"args":[{"converter":"org.appcelerator.kroll.KrollConverter","defaultValueProvider":"org.appcelerator.kroll.KrollConverter","name":"dict","sourceName":"dict","type":"org.appcelerator.kroll.KrollDict"}],"apiName":"checkLocationSettings","converter":"org.appcelerator.kroll.KrollConverter","defaultValueProvider":"org.appcelerator.kroll.KrollConverter","name":"__default_name__","returnType":"void"}},"superProxyBindingClassName":"org.appcelerator.kroll.KrollModuleBindingGen","proxyClassName":"TiLocationservicesModule","proxyAttrs":{"propertyAccessors":[],"fullAPIName":"TiLocationservices","name":"TiLocationservices","proxyClassName":"ti.locationservices.TiLocationservicesModule","isTopLevel":false,"id":"ti.locationservices"},"packageName":"ti.locationservices","sourceName":"ti.locationservices.TiLocationservicesModuleBindingGen","constants":{"PRIORITY_HIGH_ACCURACY":{"proxyName":"PRIORITY_HIGH_ACCURACY","name":"PRIORITY_HIGH_ACCURACY","type":"int","value":2},"PRIORITY_LOW_POWER":{"proxyName":"PRIORITY_LOW_POWER","name":"PRIORITY_LOW_POWER","type":"int","value":3},"PRIORITY_NO_POWER":{"proxyName":"PRIORITY_NO_POWER","name":"PRIORITY_NO_POWER","type":"int","value":4},"PRIORITY_BALANCED_POWER_ACCURACY":{"proxyName":"PRIORITY_BALANCED_POWER_ACCURACY","name":"PRIORITY_BALANCED_POWER_ACCURACY","type":"int","value":1}},"isTitaniumSdk":false,"superProxyClassName":"KrollModule","isModule":true,"genClassName":"TiLocationservicesModuleBindingGen"}},"modules":{"ti.locationservices.TiLocationservicesModule":{"apiName":"TiLocationservices"}}}